date,cash_rate
1990-08-31,14.0
1990-09-30,14.0
1990-10-31,13.4347826086957
1990-11-30,13.0
1990-12-31,12.5789473684211
1991-01-31,12.0
1991-02-28,12.0
1991-03-31,12.0
1991-04-30,11.55
1991-05-31,10.9782608695652
1991-06-30,10.5
1991-07-31,10.5
1991-08-31,10.5
1991-09-30,9.54761904761905
1991-10-31,9.5
1991-11-30,8.64285714285714
1991-12-31,8.5
1992-01-31,7.69047619047619
1992-02-29,7.5
1992-03-31,7.5
1992-04-30,7.5
1992-05-31,6.64285714285714
1992-06-30,6.5
1992-07-31,5.91304347826087
1992-08-31,5.75
1992-09-30,5.75
1992-10-31,5.75
1992-11-30,5.75
1992-12-31,5.75
1993-01-31,5.75
1993-02-28,5.75
1993-03-31,5.59782608695652
1993-04-30,5.25
1993-05-31,5.25
1993-06-30,5.25
1993-07-31,5.22727272727273
1993-08-31,4.75
1993-09-30,4.75
1993-10-31,4.75
1993-11-30,4.75
1993-12-31,4.75
1994-01-31,4.75
1994-02-28,4.75
1994-03-31,4.75
1994-04-30,4.75
1994-05-31,4.75
1994-06-30,4.75
1994-07-31,4.75
1994-08-31,5.10869565217391
1994-09-30,5.5
1994-10-31,5.78571428571429
1994-11-30,6.5
1994-12-31,7.05
1995-01-31,7.5
1995-02-28,7.5
1995-03-31,7.5
1995-04-30,7.5
1995-05-31,7.5
1995-06-30,7.5
1995-07-31,7.5
1995-08-31,7.5
1995-09-30,7.5
1995-10-31,7.5
1995-11-30,7.5
1995-12-31,7.5
1996-01-31,7.5
1996-02-29,7.5
1996-03-31,7.5
1996-04-30,7.5
1996-05-31,7.5
1996-06-30,7.5
1996-07-31,7.47826086956522
1996-08-31,7.0
1996-09-30,7.0
1996-10-31,7.0
1996-11-30,6.57142857142857
1996-12-31,6.175
1997-01-31,6.0
1997-02-28,6.0
1997-03-31,6.0
1997-04-30,6.0
1997-05-31,5.86363636363636
1997-06-30,5.5
1997-07-31,5.45652173913043
1997-08-31,5.0
1997-09-30,5.0
1997-10-31,5.0
1997-11-30,5.0
1997-12-31,5.0
1998-01-31,5.0
1998-02-28,5.0
1998-03-31,5.0
1998-04-30,5.0
1998-05-31,5.0
1998-06-30,5.0
1998-07-31,5.0
1998-08-31,5.0
1998-09-30,5.0
1998-10-31,5.0
1998-11-30,5.0
1998-12-31,4.76190476190476
1999-01-31,4.75
1999-02-28,4.75
1999-03-31,4.75
1999-04-30,4.75
1999-05-31,4.75
1999-06-30,4.75
1999-07-31,4.75
1999-08-31,4.75
1999-09-30,4.75
1999-10-31,4.75
1999-11-30,4.97727272727273
1999-12-31,5.0
2000-01-31,5.0
2000-02-29,5.47619047619048
2000-03-31,5.5
2000-04-30,5.72058823529412
2000-05-31,5.97826086956522
2000-06-30,6.0
2000-07-31,6.0
2000-08-31,6.23913043478261
2000-09-30,6.25
2000-10-31,6.25
2000-11-30,6.25
2000-12-31,6.25
2001-01-31,6.25
2001-02-28,5.85
2001-03-31,5.54545454545455
2001-04-30,5.05555555555556
2001-05-31,5.0
2001-06-30,5.0
2001-07-31,5.0
2001-08-31,5.0
2001-09-30,4.775
2001-10-31,4.52173913043478
2001-11-30,4.5
2001-12-31,4.27631578947368
2002-01-31,4.25
2002-02-28,4.25
2002-03-31,4.25
2002-04-30,4.25
2002-05-31,4.44565217391304
2002-06-30,4.72368421052632
2002-07-31,4.75
2002-08-31,4.75
2002-09-30,4.75
2002-10-31,4.75
2002-11-30,4.75
2002-12-31,4.75
2003-01-31,4.75
2003-02-28,4.75
2003-03-31,4.75
2003-04-30,4.75
2003-05-31,4.75
2003-06-30,4.75
2003-07-31,4.75
2003-08-31,4.75
2003-09-30,4.75
2003-10-31,4.75
2003-11-30,4.975
2003-12-31,5.22619047619048
2004-01-31,5.25
2004-02-29,5.25
2004-03-31,5.25
2004-04-30,5.25
2004-05-31,5.25
2004-06-30,5.25
2004-07-31,5.25
2004-08-31,5.25
2004-09-30,5.25
2004-10-31,5.25
2004-11-30,5.25
2004-12-31,5.25
2005-01-31,5.25
2005-02-28,5.25
2005-03-31,5.48809523809524
2005-04-30,5.5
2005-05-31,5.5
2005-06-30,5.5
2005-07-31,5.5
2005-08-31,5.5
2005-09-30,5.5
2005-10-31,5.5
2005-11-30,5.5
2005-12-31,5.5
2006-01-31,5.5
2006-02-28,5.5
2006-03-31,5.5
2006-04-30,5.5
2006-05-31,5.72826086956522
2006-06-30,5.75
2006-07-31,5.75
2006-08-31,5.98913043478261
2006-09-30,6.0
2006-10-31,6.0
2006-11-30,6.19318181818182
2006-12-31,6.25
2007-01-31,6.25
2007-02-28,6.25
2007-03-31,6.25
2007-04-30,6.25
2007-05-31,6.25
2007-06-30,6.25
2007-07-31,6.25
2007-08-31,6.45454545454545
2007-09-30,6.5
2007-10-31,6.5
2007-11-30,6.70408810150399
2007-12-31,6.74892253422046
2008-01-31,6.74983028118845
2008-02-29,6.96427011482852
2008-03-31,7.22372393700068
2008-04-30,7.24971226147769
2008-05-31,7.24997447224859
2008-06-30,7.24998741601592
2008-07-31,7.25001675398684
2008-08-31,7.25000202521391
2008-09-30,7.02272727272727
2008-10-31,6.18181818181818
2008-11-30,5.32516329196604
2008-12-31,4.34526121157324
2009-01-31,4.25000054328142
2009-02-28,3.35
2009-03-31,3.24997857231785
2009-04-30,3.06257078230369
2009-05-31,3.0
2009-06-30,3.00006206944982
2009-07-31,3.0
2009-08-31,3.0
2009-09-30,3.0
2009-10-31,3.21428571428571
2009-11-30,3.47619047619048
2009-12-31,3.73809523809524
2010-01-31,3.75
2010-02-28,3.75
2010-03-31,3.9775
2010-04-30,4.2225
2010-05-31,4.475
2010-06-30,4.5
2010-07-31,4.5
2010-08-31,4.5
2010-09-30,4.5
2010-10-31,4.5
2010-11-30,4.7275
2010-12-31,4.75
2011-01-31,4.75
2011-02-28,4.75
2011-03-31,4.75
2011-04-30,4.75
2011-05-31,4.75
2011-06-30,4.75
2011-07-31,4.75
2011-08-31,4.75
2011-09-30,4.75
2011-10-31,4.75
2011-11-30,4.5125
2011-12-31,4.3
2012-01-31,4.25
2012-02-29,4.25
2012-03-31,4.25
2012-04-30,4.25
2012-05-31,3.7725
2012-06-30,3.5375
2012-07-31,3.5
2012-08-31,3.5
2012-09-30,3.5
2012-10-31,3.2725
2012-11-30,3.25
2012-12-31,3.0275
2013-01-31,3.0
2013-02-28,3.0
2013-03-31,3.0
2013-04-30,3.0
2013-05-31,2.8
2013-06-30,2.75
2013-07-31,2.75
2013-08-31,2.55
2013-09-30,2.5
2013-10-31,2.5
2013-11-30,2.5
2013-12-31,2.5
2014-01-31,2.5
2014-02-28,2.5
2014-03-31,2.5
2014-04-30,2.5
2014-05-31,2.5
2014-06-30,2.5
2014-07-31,2.5
2014-08-31,2.5
2014-09-30,2.5
2014-10-31,2.5
2014-11-30,2.5
2014-12-31,2.5
2015-01-31,2.5
2015-02-28,2.28
2015-03-31,2.25
2015-04-30,2.25
2015-05-31,2.04
2015-06-30,2.0
2015-07-31,2.0
2015-08-31,2.0
2015-09-30,2.0
2015-10-31,2.0
2015-11-30,2.0
2015-12-31,2.0
2016-01-31,2.0
2016-02-29,2.0
2016-03-31,2.0
2016-04-30,2.0
2016-05-31,1.77
2016-06-30,1.75
2016-07-31,1.75
2016-08-31,1.52
2016-09-30,1.5
2016-10-31,1.5
2016-11-30,1.5
2016-12-31,1.5
2017-01-31,1.5
2017-02-28,1.5
2017-03-31,1.5
2017-04-30,1.5
2017-05-31,1.5
2017-06-30,1.5
2017-07-31,1.5
2017-08-31,1.5
2017-09-30,1.5
2017-10-31,1.5
2017-11-30,1.5
2017-12-31,1.5
2018-01-31,1.5
2018-02-28,1.5
2018-03-31,1.5
2018-04-30,1.5
2018-05-31,1.5
2018-06-30,1.5
2018-07-31,1.5
2018-08-31,1.5
2018-09-30,1.5
2018-10-31,1.5
2018-11-30,1.5
2018-12-31,1.5
2019-01-31,1.5
2019-02-28,1.5
2019-03-31,1.5
2019-04-30,1.5
2019-05-31,1.5
2019-06-30,1.28
2019-07-31,1.02
2019-08-31,1.0
2019-09-30,1.0
2019-10-31,0.76
2019-11-30,0.75
2019-12-31,0.75
2020-01-31,0.75
2020-02-29,0.75
2020-03-31,0.43
2020-04-30,0.25
2020-05-31,0.25
2020-06-30,0.25
2020-07-31,0.25
2020-08-31,0.25
2020-09-30,0.25
2020-10-31,0.25
2020-11-30,0.11
2020-12-31,0.1
2021-01-31,0.1
2021-02-28,0.1
2021-03-31,0.1
2021-04-30,0.1
2021-05-31,0.1
2021-06-30,0.1
2021-07-31,0.1
2021-08-31,0.1
2021-09-30,0.1
2021-10-31,0.1
2021-11-30,0.1
2021-12-31,0.1
2022-01-31,0.1
2022-02-28,0.1
2022-03-31,0.1
2022-04-30,0.1
2022-05-31,0.33
2022-06-30,0.73
2022-07-31,1.28
2022-08-31,1.81
2022-09-30,2.25
2022-10-31,2.58
2022-11-30,2.84
2022-12-31,3.05
2023-01-31,3.1
2023-02-28,3.29
2023-03-31,3.54
2023-04-30,3.6
2023-05-31,3.83
2023-06-30,4.05
2023-07-31,4.1
2023-08-31,4.1
2023-09-30,4.1
2023-10-31,4.1
2023-11-30,4.29
2023-12-31,4.35
2024-01-31,4.35
2024-02-29,4.35
2024-03-31,4.35
2024-04-30,4.35
2024-05-31,4.35
2024-06-30,4.35
2024-07-31,4.35
2024-08-31,4.35
2024-09-30,4.35
2024-10-31,4.35
2024-11-30,4.35
2024-12-31,4.35
2025-01-31,4.35
2025-02-28,4.25
2025-03-31,4.1
2025-04-30,4.1
2025-05-31,4.01
2025-06-30,3.85
2025-07-31,3.85
2025-08-31,3.7
2025-09-30,3.6
2025-10-31,3.6
2025-11-30,3.6
2025-12-31,3.6
2026-01-31,3.6
2026-02-28,3.83
